PAROLA,PAROLA CHIAVE,FRASE,COMMENTO,,
canada,"Toronto, vancuver",dov'è toronto?,,,
calendario,Avvento,cos'è dell'avvento,,,
ronzio,zanzara,quale verso zanzara,,,
soia,,quale salsa giapponese (legume),,,
bretelle,cintura,cosa non cintura,,,
attento,distratto,chi non distratto,,,
quercia,secolare,quale albero secolare,,,
capitale,,cos'è roma per italia / cos'è roma politicamente,,,
farmacia,,dove compri medicine,,,
taxi,,quale auto gialla,,,
beatles,lennon,cos'è non rolling stones - quale gruppo lennon,,,
doccia,vasca,cos'è non vasca,,,
dracula,vampiro,quale vampiro famoso conte,,,
edicola,,dove compri giornali,,,
tagliatelle,pasta lunga larga,quale pasta lunga larga?,,,
confetti,,quali mandorle a matrimonio,,,
arlecchino,maschera colorata,quale maschera carnevale colorata?,,,
insetti,elenco,cosa sono formica zanzara generici?,,,
facchino,,chi non portantino fattorino?,,,
brodo,gallina vecchia,cosa fa gallina vecchia,,,
socrate,saggio filosofo,quale filosofo saggio,chi ne platone ne aristotele,,
bollicine,,Quali piccoline in champagne spumante,,,
enciclopedia,raccolta/insieme libri,quale collana di libri,,,
saracinesca,bandone,cos'è bandone sinonimo,,,
corteccia,rivestimento,cos'è rivestimento albero dura,,,
corda,fune,cos'è fune,,,
analogico,digitale,cos'è non digitale,,,
bicicletta,pedalare verbo,cosa pedali con due ruote,,,
dieta,,cos'è piano alimentare,,,                      
alveare,,cos'è non arnia,,,
arnia,,cos'è non alverare,,,
bambola,giocattolo pezza,quale film valeria marini,quale film valeria marini,,
cognato,,chi fratello moglie,,,
risposta,domanda,cos'è non domanda,,,
vendemmia,raccolta uva,cos'è raccolta uva,,,
alfabeto,elenco lettere,cos'è elenco lettere ordinate,,,
nudo,senza vestiti,cos'è senza vestiti,,,
teatro,politeama - della scala,cos'è politeama,,,
cioccolato,fondente,cos'è fondente maschile al latte,,,
asciutto,bagnato,cos'è non bagnato,,,
mani,piedi,cos'è non piedi,,,
cotone,idrofilo? lana?,cos'è idrofilo bianco?,,,
bagnino,,chi salva nuotatore / cos'è guardaspieggia,,,
sake,giapponese liquore,quale liquore giapponese,,,
partecipazioni,,quali inviti matrimonio,,,
fritto,olio,cos'è cotto nell'olio?,,,
cattedrale,notredame,cos'è notredame?,,,
stretta,,cosa non larga,,,
aiuto,sos sostegno?,cos'è  sos ?,valutiamo se sos son tre parole,,
sciopero,,cos'è astensione lavoro,,,
alfiere,,quale pedina muove diagonale,,,
oca,,quale gioco volatile - cos'è non papera anatra,,,
africano,continente nero,quale abitante continente nero,,,
pantera,felino nera,cos'è non tigre nera,,,
ruota,carro,cosa gira nel carro singolare,,,
ariete,,quale segno lello / quale segno arianna,,,
coda,vaccinara,cos'è alla vaccinara,,,
torto,ragione,cos'è non ragione,,,
liceo,scientifico classico,cos'è scientifico classico,,,
eolie,isole sicilia,quali isole siciliane non egadi,,,
vaticano,,quale stato pontificio,,,
sveglio,,chi non dormiente,,,
frigorifero,freezer,cos'è non freezer,,,
sceriffo,nottingam,quale poliziotto di nottingam?,,,
sangria,,quale vino spagnolo dolce frutta?,,,
vasca,doccia,cos'è non doccia,,,
ulivo,,Quale albero per olio extravergine?,,,
patrono,,Quale santo di paese?,,,
cento,,cos'è 99 +1,,,
erba,,cos'è verde del vicino?,,,
buonasera,,quale saluto pomeridiano?,,,
temporale,,quale pioggia con tuoni e lampi?,,,
precedenza,,cosa dai allo stop?,,,
latino,greco,cosa non è greco?,latino greco,,
schiaffo,,cos'è ceffone?,,,
tenero,,PASSO - com'è grano non duro,,,
tosse,starnuto,cos'è non starnuto colpo?,,,
corazza,,quale sinonimo di armatura? - armadillo,,,
ambiente,,PASSO,,,
mentina,,cosa profuma alito piccolina?,,,
mondo,,cos'è pianeta terra ,,,
salvadanaio,,quale maiale contiene monete?,,,
snoopy,,quale cane charlie brown?,,,
tubetto,,quale contenitore dentifricio? piccoletto,,,
coccodè,,quale verso gallina?,,,
shampoo,,quale sapone capelli? non balsamo,,,
valzer,,quale ballo viennese,,,
pannocchia,,Dove sta mais?,,,
scudetto,,Quale premio campionato,,,
lati,cateti,cosa sono cateti?,,,
calabria,,dov'è catanzaro?,,,
coscia,,cosa non è petto pollo?,,,
apollo,apelle,quale padre apelle?,,,
ortica,,quale erba pizzica ?,,,
agrumeto,,quale frutteto limoni arance,,,
sorella,fratello,cos'è non fratello,,,
somma,sottrazione,Cos'è risultato addizione / non sottrazione addizione,,,
karaoke,giapponese,quale gioco canoro giapponese,,,
ritratto,,cos'è di dorian gray,,,
gomma,,cos'è da cancellare masticare,,,
sudore,,cos'è della fronte bagnato?,,,
nave,,cos'è imbarcazione/barca generica?,,,
manna,,cos'è aiuto dal cielo,,,
scimmia,,cos'è scimpanzee babbuino singolare,,,
denari,,quale seme settebello scopa?,,,
arido,,PASSO,,,
annuale,abbonamento palestra,quale abbonamento palestra lungo,,,
meridiano,,cos'è di greenwich ? cos'è non parallelo,,,
storia,,cos'è non geografia filosofia,,,
pizza,,cos'è capricciosa margherita,,,
nuvoloso,,quale meteo coperto,,,
ippica,,quale sport cavalli generica,,,
primo,,cos'è non ultimo,,,
palla,,cos'è da bowling,,,
nazioni,,cosa sono italia francia generiche/non stati,,,
candela,,cos'ha potato tamara,,,
euro,,quale moneta usiamo,,,
frenare,,cos'è non accelerare rallentare,,,
lasvegas,,quale città casinò americana,,,
renzo,,chi non lucia,,,
nerone,piromane,quale imperatore piromane romano,,,
inferiore,,cos'è non superiore,,,
crema,,Cos'è depilatoria solare?,,,
anulare,,quale dito fede?,,,
acino,,cos'è chicco d'uva,,,
cinquina,,cos'è quaterna + 1,,,
marsupio,,quale contenitore canguro,,,
alpinista,,cos'è non appenninista scalatore Monte Bianco,,,
semplice,complesso,cosa non complesso,,,
pistacchio,,cos'è di bronte,,,
trolley,,quale valigia con ruote,,,
cervo,,come esce gullit (da difesa)?,,,
passerella,,dove camminano le modelle,,,
dolcificante,edulcorante,cos'è edulcorante,,,
danubio,,quale fiume budapest,,,
punteggiatura,,"cos'è non virgolatura / cos'è virgola, parentesi grammaticalmente generica","c'era ""punto"" l'ho tolto G.",questa  è passo,
burro,,cos'è non margarina,,,
cartolina,,cosa spedisci piccolina dalla vacanza,,,
genero,,cosè non nuora,,,
cuoco,chef,cos'è chef generico,"c'era cucinare, meglio levarlo... G.",,
flamenco,nacchere,quale ballo spagnolo con nacchere,,,
pentagono,,cos'è esagono meno uno,,,
promosso,,cosa non bocciato,,,
cactus,,quale pianta desertica punge/con spine,,,
regista,,cos'è quentin tarantino,,,
chilometro,,quale distanza stradale standard,,,
cipolla,,cos'è non aglio,"""per me è la cipolla"" G.",,
stereo,,cosè non mono,,,
ulisse,,chi acciecò Polifemo,,,
promesse,,quali non mantiene marinaio plurale(boh politico?),"bella, meglio marinaio di politico G.",,
velo,,Cosa copre volto sposa,,,
capri,ischia,cosa non ischia,,,
veglione,cenone,Quale cena capodanno?,"BOH si va bene, si disse così mi pare e brik indovinò G.",,
meno,,cosa non più,,,
parabola,,cos'è raccontata da gesù,,,
penna,,cosa non matita,,,
pigna,conifera,cosa cade da conifera/quale frutto conifera,aggiunta alternativa G.,,
formica,,cosa non cicala,,,
fila,indiana,cosa fai indiana alla cassa,,,
pali,,cosa non traversa plurale,,,
prendere,lasciare,cos'è non lasciare,,,
orecchio,,cosa contine timpano,l'ho messa più corta G.,,
trofeo,,cos'è testa di leone sul muro,mmmm forse la passerei questa,,
speck,,quale prosciutto/affettato trentino atesino,,,
tutti,,cos'è non nessuno,,,
inglese,,quale lingua londinese/britannica,,,
sol,,quale Nota dopo FA,,,
paese,,"cos'è nazione, stato generico",mmm rischiosina questa G,,
genio,sregolatezza - lampada,cos'è non sregolatezza - cosa esce dalla lampada sfregandola,,,
notte,,cos'è non giorno,,,
diavolo,,chi demonio satana sinonimo / chi non fa coperchi,,,
coppia,,cos'è tris - 1?,,,
mercatino,,cos'è piccolino delle pulci?,"ho tolto ""dell'usato"" G",,
alzare,,cos'è non abbassare,,,
leggere,,cos'è non scrivere,,,
palma,,quale albero del cocco (quale albero caraibico),"ma tipo, ""quale albero di Mallorca?""",,
pale,,cosa/quali sono eoliche alte,,,
mappamondo,,cos'è riproduzione pianeta terra,,,
settimana,,cos'è parte del mese / cos'è sei giorni + 1,,,
otello,,cos'è non Amleto,,,
mais,,cos'è granturco?,cos'è non sempres ,,
michelangelo,,quale nome Buonarroti? quale scultore del David,"quale nome buonarroti direi, rischio confusione con SCULTORE altrimenti..",,
ingresso,,cos'è entrata? (non uscita se continuiamo),,,
manhattan,,quale quartiere statua libertà,,,
palco,,cos'è scenico in teatro,,,
quadrifoglio,,quale erba portafortuna gastone,,,
melone,,Quale Cristian di scuola/cos'è anguria cocomero,,,
pinocchio,,quale burattino bugiardo,,,
angolo,,cos'è acuto ottuso,,,
palloncino,,cosa gonfia IT,,,
mimosa,,quale fiore/pianta 8 marzo?,,,
passato,futuro,cosa non è futuro presente,,,
piselli,,quali legumi verdi,"avevate messo PASSO ma io la definirei così, che ne dite? G",,
saldi,,cosa sono sconti invernali/abbigliamento,,,
pacifico,,cosa non è atlantico,,,
pesante,,cosa non leggero,,,
pattini,,quali scarpe a/con rotelle,,,
italia,,quale nazione nostra,,,
lotto,,quale gioco alle 8 con estrazioni,,,
isola,,cos'è elba giannutri generica,,,
lucertola,geco,cos'è non geco,,,
lampadina,,cosa accende l'idea,,,
himalaya,,quale catena dell'everest,,,
tovaglia,,quale lenzuolo sotto piatti/sulla tavola,,,
idrogeno,,cos'è non ossigeno,"io passerei, la vedo rischiosissima e difficile da ricordare G",fino qui G,
gnocchi,alla sorrentina,cosa cucini alla sorrentina,,,
locomotiva,,quale vagone traina?,,,
giuria,,cos'è popolare nel processo?,,,
litro,,quale unità di misura liquidi ,,,
mameli,,chi scrisse l'inno italiano,,,
goloso,,chi è ghiotto di dolci,,,
destinatario,,cos'è non mittente,,,
ombrellone,,cosa apri in spiaggia,,,
mancino,,cos'è sinistro / non destrorso,,,
locale,,quale rete non internet?,,,
ghiro,,quale animale dorme,,,
gibilterra,,quale stretto spagnolo marocchino?,,,
mancia,,cosa lasci al cameriere,,,
giuseppe,,chi non è maria,,,
giardiniere,,chi cura il prato,,,
crostata,,quale dolce con marmellata strisce frolla,,,
giornalista,,chi scrive articoli sul quotidiano / cos'è Bruno Vespa,"""giornale"" non se puede",,
iliade,,cos'è non odissea,,,
hockey,,cos'è calcio/sport su ghiaccio,,,
letterina,,cos'è piccolina dell'alfabeto,,,
leva,,cosa solleva mondo,,,
materie,,cosa sono matematica geografia  generiche,,,
francobollo,,cosa attacchi/applichi sulla lettera,,,
servizio,battuta tennis,cos'è battuta del tennis,naaaaa non si passa,,
mese,,"cos'è marzo, aprile singolare",,,
resto,,cos'è l'avanzo della divisione,diobono non lo ricorderò mai,,
colori,,cosa sono rosso giallo generici,,,
chiave,,cosa metti nella serratura,,,
passivo,,cos'è non attivo,,,
classe,,cos'è quinta b a scuola,,,
marea,venditti - luna,cos'è alta per venditti / cosa influenza la luna singolare,,,
alpi,,cos'è non appennino,,,
sufficiente,,cos'è buono meno 1,"rischio ""sufficienza""",,
nuora,,chi non è genero,,,
manopola,,PASSO,,,
borsone,,quale valigia grande da palestra,,,
lavastoviglie,,quale elettrodomestico sciaqua posate piatti,"""lava"" non se puede",,
colombo,,chi è cristoforo navigatore,,,
criceto,,quale roditore domestico,,,
paura,,cosa fa 90 / cos'è timore terrore sinonimo,,,
dolcetto,scherzetto,cos'è non scherzetto,,,
risata,,cos'è contagiosa allegria,"qui mega PASSO, troppo difficile",,
sottile,,PASSO,,,
antiquario,,chi vende mobili vecchi ricercati,temo che antichi non si possa dire,,
attaccare,difendere,cos'è non difendere,,,
contadino,,cos'è mezzadro / coltivatore,,,
tappa,,cos'è frazione giro d'italia?,,,
zorro,,quael spadaccino mascherato,,,
verona,,quale città con arena veneta,,,
calze,,cosa sono collant generiche,,,
vegetale,animale,cos'è non animale ,,,
vigile,,cos'è urbano all'incrocio con paletta,,,
vespa,,cos'è non ape,,,
università,,quale scuola dopo superiori,,,
vernice,,cosa applica imbianchino,,,
starnuto,,cos'è ecci / cos'è non colpo tosse,,,
versailles,,quale reggia francese,,,
traguardo,,cos'è linea d'arrivo ciclistica,,,
camino,,quale ingresso babbo natale / cos'è comignolo,,,
discesa,,cos'è non salita,,,
tirreno,,cosa non adriatico ionio,,,
treno,,cosa corre sui binari,,,
vetrina,,dove esponi manichini / cos'è non plastichina,,,
viaggio,,quale gita di nozze?,,,
triangolo,,cos'è isoscele,,,
statale,,quale sopra regionale,,,
strega,,cos'è maga cattiva,,,
rettilineo,curva,cos'è non curva nella pista,,,
ginnastica,,"cos'è artistica, ritmica",,,
zia,,cos'è sorella di mamma,,,
telefono,,cosa squilla in casa,,,
inferno,,cos'è non paradiso,,,
liguria,,dov'è genova,,,
arca,,cos'è di noè,(non fava),,
lentiggini,,cosa sono macchioline sul viso,,,
fantasma,,cos'è casper,,,
artigli,,quali unghie del drago,,,
cerimonia,,"cos'è del matrimonio, battesimo generica",,,
colbacco,,quale cappello russo,,,
registratore,,quale dispositivo cattura suoni,pesante PASSO,,
piume,,cosa sono d'oca nella coperta,,,
sparecchiare,,cos'è togliere piatti da tavolo,,,
guardaroba,,dove lasci giaccone in discoteca / quale sinonimo armadio,,,
noce,,cos'è moscata,la indovinammo così,,
flipper,,quale gioco tilta/con tilt,,,
barba,,cos'è non baffi,,,
intimo,,quale completo mutande canottiera,(reggiseno potrebbe essere inteso come biikini),,
argento,,cosa non è oro,,,
tramonto,,cosa non è alba,,,
arianna,,PASSO,,,
guinzaglio,,quale corda per cani generico,,,
ponte,,cos'è di brooklin,,,
braccialetto,,cos'è piccoletto sul polso,,,
raggio,diametro,cos'è metà diametro,,,
sorpresa,inaspettata,quale festa inaspettata?,,,
inizio,fine,cos'è non fine,,,
rana,rospo,cos'è non rospo,,,
focaccia,schiacciata,cos'è è schiacciata ligure/genovese,,,
canottiera,Colombo,cos'è maglietta smanicata estiva,,,
punizione,Rigore,cos'è non rigore,,,
bilancia,peso,cosa pesa persone,,,
fotografia,pittura,cosa scatti panoramica completa? ,,,
moglie,marito,cos'è non marito,,,
affitto,compravendita,cos'è locazione sinonimo,,,
ovest,occidente,cos'è non est / cos'è occidente,,,
cintura,bretelle,cosa non è bretelle,,,
complesso,semplice,cosa non è semplice,,,
elica,girare-barca,cosa gira nella barca / cosa gira nel biplano,,,
spremuta,bere agrumi,cosa bevi di agrumi,,,
astrologo,oroscopo,Chi fa l'oroscopo,,,
spumante,champagne,cosa non è champagne prosecco,,,
falso,vero,cos'è non vero,,,
area,perimetro,cos'è non perimetro,,,
vocabolario,dizionario,cos'è dizionario sinonimo,,,
ritorno,andata,cos'è non andata,,,
quadrimestre,,quale periodo di anno scolastico,,,
romolo,remo,chi è non remo,,,
smartphone,videochiamata,cos'è cellulare non stupido inglese,,,
mai,sempre,cos'è non sempre,,,
pareggio,1 punto,cosa assegna un punto / cos'è non vittoria sconfitta,,,
spugna,,cosa getti per arrenderti,,,
maglione,pullover,cosa è pullover,,,
fionda,golia,quale arma usò Davide / quale arma con elastico,,,
bruco,farfalla,quale larva di farfalla non baco,,,
carrozziere,mannelli,chi ripara ammaccature auto,,,
frisbee,boomerang,cosa non è boomerang,,,
minestrone,verdure,cosa è di verdure,,,
sorridere,felicità,cos'è felicità espressa PASSO,,,
interrogazione,lavagna,cosa fai alla lavagna orale,,,
pompei,ercolano,cosa non è ercolano,,,
senape,mostarda,cos'è non mostarda,,,
lattina,alluminio,cos'è contenitore alluminio piccolina bibite,,,
vite,chiodo,cosa non è chiodo,,,
sms,testo,cos'è testo cellulare (acronimo),,,
moda,tradizione,cosa non è tradizione,cos'è trend nel vestire/cos'è di tendenza,,
lavatrice,,cos'è non asciugatrice,,,
asterisco,cancelletto,cos'è non cancelletto,,,
corrente,elettrica,cos'è elettrica non tensione,,,
aria,respiriamo,cosa respiriamo generica,rischio ossigeno,,
diurno,notturno,cosa non è notturno,,,
piccante,salamino/peperoncino,com'è salamino/peperoncino,,,
classifica,merito,cos'è dei marcatori,,,
sindaco,capo città,chi è capo città / primo cittadino,,,
pechino,capitale cina,quale capitale cinese,,,
brace,fuoco spento,cos'è fuoco spento,,,
brizzolato,capelli grigi,cos'è capelli grigi maschile,,,
notaio,legalizza documenti,chi legalizza documenti / chi rogita,,,
re,DO,quale nota dopo do,,,
geografia,storia,cos'è non storia filosofia,,,
negozio,bottega,cos'è bottega,uscio tutta la vita,,
lancio,cross,quale disciplina del giavellotto?,,,
pecora,animale lana,quale animale lanoso/con lana,,,
balsamo,shampoo,cos'è non shampoo,,,
cugina,figlia zio,chi è figlia di zia,,,
mostra,esposizione,cos'è esposizione di quadri galleria,,,
puntini,sequenza cerchi,cosa sono di sospensione piccolini,,,
perizoma,tanga,cos'è non tanga,,,
guscio,protegge uovo,cosa protegge uovo,,,
bacchette,batterista,cosa usa batterista/ quali posate cinesi,,,
passeggero,guidatore,chi non è guidatore,,,
liquido,stato acqua,cos'è non solido gassoso,,,
scarso,Bravo?,cos'è non abbondante ,,,
lucia,renzo,chi non è renzo,,,
apparenza,sostanza,cosa non è sostanza che inganna,,,
pranzare,cenare,cosa non è cenare,,,
narici,fori naso,quali fori naso,,,
terra,aria,quale nome pianeta,aria terra,acqua fuoco,
volpe,uva,chi non arriva uva,,,
conto,,cos'è corrente in banca,,,
polso,indossare orologio,dove indossi orologio,,,
bollo,tassa auto,quale tassa auto,,,
botanica,scienza piante,quale scienza studia piante,,,
cucito,ago ,cos'è non taglio,,,
cubo,quadrato tridimensionale,Cos'è quadrato solido,,,
apostoli,amici gesù,Chi sono amici gesù,,,
manicure,smalto,Quale trattamento smalto,nave barca,,
barca,nave,cosa non nave,,,
anagrafe,ufficio nascite,quale ufficio registra nascite,,,
cronaca,racconto eventi,Cos'è racconto eventi giornalistico,,,
brancaleone,armata scarsa,quale armata da norcia,,,
conservatorio,studi musica,dove studi musica,,,
interiore,esteriore,cosa non esteriore,interiore esteriore,,
replica,ripetizione trasmissione,Cos'è ripetizione trasmissione tv,,,
capitano,maldini - zanetti,Cos'è zanetti/maldini,,,
binari,treno,cosa sono rotaie?,,,
olfatto,senso odori,Quale senso odori,,,
lido,Tarquinia paese,cos'è di camaiore,,,
distante,lontano,Quale sinonimo lontano,,,
ciliegie,frutto rosso nocciolo,cos'è non amarene,,,
perdente,vicnente,chi non è vincente,,,
rotta,segue nave,cosa segue nave,,,
bicchiere,acqua tavola,dove versi acqua a tavola,,,
tela,quadro,dove dipingi quadro,,,
curva,rettilineo,cosa non rettilineo,,,
attila,flagello di dio,quale flagello di dio,,,
ingresso,uscita,cos'è non uscita,ingresso uscita,,
madrid,,quale capitale spagnola,,,
lungo,corto,cosa non è corto,,,
cielo,nuvole,dove stano nuvole,,,
mammiferi,allattano,quali animali allattano,,,
prima,ultima,cosa non è ultima,,,
paletta,secchiello,cosa va con secchiello,paletta secchiello,,
cancelleria,materiale ufficio,cosa è materiale per ufficio,,,
briglie,sterzo cavallo,Cos'è sterzo per cavallo,,,
pompelmo,arancia amara,quale arancia amara,,,
balia,spilla,quale spilla bambino,,,
attaccapanni,appendi giubbotto,dove appendi giubbotto,,,
ascoltare,sentire,quale sinonimo sentire,,,
corallina,barriera mare,quale barriera mare,,,
manichino,modello vetrina,quale modello in vetrina,,,
leccalecca,caramella stecco,quale caramella stecco,,,
guanti,bonfiglioli,Cosa aveva bonfiglioli dietro,,,
corsa,maratona,Cos'è maratona,,,
specchio,riflette immagine,cosa riflette immagine,,,
ventiquattro,ore giorno,quante ore giorno,,,
punta,estremità acuminata,cos'è estremità acuminata,,,
gioielli,accessori preziosi,cosa sono accessori preziosi,,,
bistecca,costa manzo,cos'è costata di manzo,,,
giocattoli,oggetti divertimento,quali oggetti divertimento bambini,,,
bagnato,asciutto,cos'è non asciutto,,,
olanda,tulipani,quale nazione dei tulipani,,,
ieri,oggi - 1,cos'è oggi meno uno,,,
cerchio,superficie circonferenza,cos'è superficie circonferenza,,,
bacheca,affiggi annunci,dove affiggi annunci,,,
atalanta,squadra bergamo,quale squadra bergamo,,,
fascia,capitano,cosa mette capitano braccio,,,
pineta,foresta mare,cos'è foresta al mare,,,
bassotti,banda topolino,quale banda topolino,,,
oculista,medico vista,quale medico vista,,,
duro,grano farina,quale grano farina,,,
archimede,pitagorico,chi è pitagorico,,,
autunnale,primaverile,cos'è non primaverile,,,
cipolline,aglietti,cos'è non aglietti,,,
felpa,maglia cappuccio,cos'è maglia con cappuccio,,,
battipanni,PASSO,,,,
parata,2 giugno,cosa fanno 2 giugno,,,
verde,erba ,quale colore erba,,,
,,,,,
pubblicità,reclame,Cos'è reclame,,,
angelo,diavolo,cos'è non diavolo,angelo diavolo,,
centenario,99enne,chi è 99enne più uno,,,
peperone,ortaggio romanista,quale ortaggio romanista (giallo rosso),,,
museruola,dispositivo morso cane,quale dispositivo morso cane,,,
scirocco,vento caldo fon,quale vento caldo fon,,,
spada,excalibur,cos'è excalibur,,,
centimetro,10 volte millimetro,Cos'è 10 volte un millimetro,,,
tiramisù,mascarpone,quale dolce con mascarpone (pavesini),,,
ozono,bucato atmosfera,Cos'è bucato nell'atmosfera,,,
petali,fiore,cosa compone fiore,,,
pennarello,disegnare indelebile,Quale strumento per disegnare indelebile,,,
pitagora,teorema triangolo,Quale famoso teorema triangolo,,,
parole,compongono frasi,Quali elementi compongono frasi,,,
scuola,istruzione primaria,Quale luogo istruzione primaria,,,
sottotitoli,777 televideo,Cos'è pagina 777 televideo,,,
data,,Cosa indica giorno mese anno,,,
adriatico,tirreno,cosa non è tirreno,adriatico tirreno,,
aiuola,calpestare,Cosa non calpestare,,,
scoiattolo,cip ciop,Cos'è cip ciop,,,
sorteggio,estrazione casuale,Cos'è estrazione casuale champions (league),,,
anniversario,ricorrenza 365,Cos'è ricorrenza ogni 365 giorni,,,
cartoleria,compri penne,Dove compri penne (diario quaderni),,,
campanella,suona intervallo,Cosa suona all'intervallo,,,
agrumi,limoni arance pompelmi,Cosa sono limoni arance pompelmi,,,
pedone,pezzo minore scacchi,Quale pezzo minore scacchi,,,
vergine,veronica,quale segno veronica,,,
formaggio,prodotto casseario generico,cos'è prodotto caseario generico,,,
sushi,mangi giappone,Cosa mangi in giappone,,,
cinquanta ,metà 100,Cos'è metà 100,,,
banco,,Quale scrivania/mobile usa studente (scuola),cos'è gruppo di pesci,,
giocatore,rijkaard,Chi è rijkaard,,,
canzoni,canti,Cosa canti?,,,
medio,terzo dito,Cos'è terzo dito,,,
bocca,labbra,Cosa compongono labbra,,,
quaderno,scrive studente,dove scrive studente,,,
andare,recarsi,Quale sinonimo recarsi,,,
abracadabra,dice mago,Cosa dice mago,,,
tandem,,Quale bici doppia,,,
spezie,pepe paprika,Cosa sono pepe paprika,,,
carrello,moneta supermercato,dove metti moneta supermercato,,,
pepita,pietra oro,Cos'è pietra d'oro,,,
cuori,seme regina,Quale seme (carte) regina,,,
mensa,mangi lavoro,Dove mangi al lavoro,,,
interruttore,spegne accende,cosa spegne accende,,,
ragù,sugo carne,Quale sugo carne,,,
ali,sbatte uccello,Cosa sbatte uccello?,,,
soffice,cuscino morbido,Com'è cuscino morbido,,,
digitale,non analogico,Cos'è non analogico,,,
tavola,mobile cenare/pranzare,Quale mobile per cenare/pranzare,,,
pozzo,,,,,
pasticcini,,,,,
sciroppo,prendi (assumi) tosse,Cosa prendi (assumi) per la tosse,,,
lancette,gira orologio,Cosa gira in orologio,,,
caino,non abele,Chi non è abele,,,
puzzle,,Quale gioco pezzi fotografia,,,
serenata,,Cosa canta sposo (sotto finestra),,,
finto,,,,,
cantina,garage,cos'è non garage,,,
fisica,cosa non è matematica,Cosa non è matematica,matematica fisica,,
macchinetta,caffè monete,Dovre prendi caffè monete,,,
nessuno,non tutti,Cos'è non tutti,,,
ghiacciato,marmato,cos'è marmato sinonimo,,da qui,
panorama,ammiri/ammirare,cosa ammiri dalla vetta/dall'alto,,,
periscopio,,quale binocolo del sottomarino/sommergibile,,,
pagliacci,,cosa sono clown sinonimo,,,
pepe,,cos'è nero non sale zucchero,,,
vivaio,,cos'è allevamento piante,,,
panificio,,quale negozio produce/vende baguette,,,
figlio,,chi è apelle per apollo/Lorenzo per Andrea,,,
partita,,quale competizione la domenica allo stadio,,,
scommessa,puntata,cos'è puntata su partita,,,
chiaro,,cos'è non scuro,,,
giostra,,cos'è tagadà generica,,,
prove,,PASSO,,,
agnello,,cos'è figlio/cucciolo pecora,,,
applausi,,cosa sono per Fibra/cosa sono battiti di mani/cosa sono 92 minuti,,,
stati,,quali uniti americani,,,
camicia,,quale indumento cifrato,,,
sagittario,,quale segno Andrea / Sandro/Samuele,,,
origano,basilico,cos'è non basilico menta,,,
piazza,via,cos'è non via strada,questa uscì anche al provino ormai la sappiamo,,
purè,,cos'è crema di patate,,,
stoviglie,,PASSO,"oppure ""cosa sono piatti bicchieri posate generiche""",,
nazionale,,cosa allena Spalletti,,,
palcoscenico,,dove recitano attori teatro completo,valuterei anche un PASSO,,
mistero,,quale canzone Ruggeri,se non erro ci vinse Sanremo,,
girotondo,,cos'è cerchio di persone,,,
lesso,,cos'è bollito sinonimo,,,
marciapiede,,dove cammini lato strada,già fatta e indovinata così,,
pericolo,,PASSO?,,,
colomba,,quale uccello pacifico / della pace bianco,,,
osservatorio,,PASSO,,,
new york,,quale città con Manhattan / Bronks,,,
carciofo,,Quale verdura alla giudìa?,,,
pila,,Quale fonte portatile energia?,,,
limetta,,Quale piccoletta per unghie?,,,
fisioterapia,,Quale trattamento muscoli?,,,
rivista,,Quale pubblicazione periodica generica?,,,
nacchere,,Cosa suoni nel flamengo?,,,
regali,,Cosa plurale ricevi a natale?,,,
pachiderma,,Quale elefante enorme?,,,
flauto,,Cosa suoni soffiando a scuola?,,,
zerbino,,Quale tappeto ingresso?,,,
preside,,Chi è capo scuola?,,,
ancora,,Cosa cala nave ferma?,,,
lago,,Cos'è bacino idrografico?,,,
coperta,,,,,
menù,,Cos'è elenco pietanze ristorante?,,,
castello,,Dove abita il re?,,,
alberobello,,Dove sono trulli?,,,
remoto,prossimo,cos'è non prossimo,,,
ragno,,Cosa porta guadagno?,,,
baffi,,Cos'è barba su labbro?,,,
fulmine,,Cos'è ne lampo ne tuono?,,,
virtuale,,Com'è realtà digitale?,,,
dare,ricevere,Cos'è non ricevere?,,,
radici,,Cos'è non rami?,rami-radici,,
pinguino,,Quale uccello polare?,,,
nuvole,,,,,
buccia,,Cos'è contorno dell'arancia?,,,
vuoto,,Cos'è non pieno?,,,
parcheggio,,Cos'è posto per auto?,,,
sogno,,Cosa vivi mentre dormi?,,,
reggiseno,,Cosa sostiene petto donne?,,,
terno,,Cos'è ambo +1?,,,
pavimento,,Cos'è con mattonelle?,,,
marionetta,,Quale sinonimo burattino?,,,
impiegato,,Chi non è operaio nè dirigente?,,,
dogana,,Dove dichiari importazioni aeroporto?,,,
periferia,,Cos'è non centro città?,,,
pastelli,,Quale matita di cera?,,,
passeggiata,,Cos'è sinonimo camminata?,,,
lista,,Quale sinonimo elenco? Cos'è del macchinista?,,,
camera,,Dove dormi in casa?,,,
impugnatura,,PASSO?,,,
nespole ,mercole,cos'è mercole,,,
pacchetto,,Cosa compri di sigarette?,,,
amore,odio,cos'è non odio,,,
imbuto,,Quale utensile per travasare?,,,
abbondante,,Cos'è non scarso?,,,
pompieri,,Chi spegne incendi?,,,
moneta,,Cos'è sinonimo valùta?,,,
poker,,Quale gioco in stanzina?,,,
città,,Cos'è abitato urbano?,,,
spicchio,,Cos'è fetta di agrume?,,,
papera,,Cos'è nè anatra nè oca?,,,
brindisi,,Cos'è augurio con calici?,,,
polvere,,COsa metti sotto tappeto?,,,
intervallo,,Cos'è ricreazione?,intervallo ricreazione,,
mosaico,,Quale opera fatta da tessere?,,,
pietra,,Cosa non roccia?,,,
gommapiuma,,PASSO?,quale imbottitura divani?,,
enologo,,Quale scienziato vino?,,,
picasso,,Quale pittore spagnolo?,,,
martello,,Cosa spinge chiodo?,,,
emisfero,,Quale metà terrestre?,,,
ragazza,,Quale sinonimo Giovanotta?,,,
moderno,,cos'è non antico? ,,,
oste,locandiera,cos'è non locandiere,,,
panchina,,dove siede riserva?,,,
guanciale,,quale insaccato carbonara?,,,
pomata,,quale crema spalmi addosso?,,,
monopattino,,PASSO?,,,
spine,,cosa sono pungenti nella rosa?,,,
smalto,,cosa metti su unghie?,,,
polo,,quale golf a cavallo?,,,
ostrica,,quale mollusco perlato?,,,
vocale,,PASSO?,,,
equatore,,quale parallelo caloroso?,,,
problema,,cosa risolvi a matematica?,,,
bugia,,cos'è non verità?,,,
sedile,,dove ti appoggi in auto?,,,
rai,,quale rete nazionale?,,,
trasparente,,com'è materiale invisibile?,,,
faro,,cosa illumina mare?,,,
fattorino,,,,,
letargo,,quale riposo dell'orso?,,,
piano,,cos'è non forte,,,
originale,,cos'è autentico?,,,
sodo,,quale uovo cotto duro?,,,
freezer,frigorifero,cos'è non frigorifero,,,
gru,,quale macchinario solleva?,,,
dita,,cosa sono mignolo pollice plurale,,,
pisolo,,quale nano dormiglione?,,,
fermata,,dove aspetti autobus?,,,
oliera,,PASSO,,,
mondina,,quale lavoratrice risaia? Chi raccoglie il riso?,,,
moquette ,,quale pavimento peloso?,,,
rubinetto,,,,,
quintale,,cos'è 100 kg?,,,
lupa,,quale simbolo calcistico roma?,,,
fiorentina,,quale bistecca toscana?,,,
avvicinare,,cos'è non allontanare,,,
fantasia,,cos'è non realtà,,,
muratore,,chi costruisce muro?,,,
esagono,,quale poligono ha sei lati? cos'è pentagono più uno,,,
regioni,,cosa sono toscana marche molise cazzi,,,
pane,,cos'è baguette generico?,,,
elmo,,cos'è di scipio?,,,
acquario,,quale segno zodiacale gianluca,,,
frullato,,quale bevanda con frtutta sminuzzata?,,,
emergenza,,cos'è imprevisto prioritario? / quale chiamata senza sim ?,,,
fiori,,cos'è d'arancio nel matrimonio?,,,
principe,,cos'è figlio di re,,,
pisa,,cos'è non livorno,,,
oblò,,quale finestra navale?,,,
orizzonte,,Cos'è degli eventi nei buchi neri? Quale riga immaginaria campo visivo? cos'è non verticonte ^ UIAHJUAHUAH,,,
carota,,quale ortaggio dei conigli?,,,
maionese,,cos'è non ketchup,,,
penelope,,quale moglie ulisse?,,,
ruvido,,cos'è non liscio?,,,
cavatappi,,cos'è tirabusciò ? (c'è nel vocabolario),,,
disegno,,cosa fai con matita?,,,
domestico,,cos'è casalingo?,,,
pavone,,quale animale fa la ruota?,,,
folla,,cos'è calca inferocita?,,,
magia,,cosa fa silvan femminile?,,,
guardia,,cos'è di finanza?,,,
pazienza,,quale virtu dei forti?,,,
modella,,cos'è naomi campbell?,,,
facile,,cos'è non difficile,,,
carretto,,cosa tirano i buoi piccoletto? cos'è piccoletto trainato da buoi?,,,
documentario,,cos'è programma televisivo scientifico / cosa presenta Piero Angela generico,,,
pipa,,cosa fuma sherlock holmes,,,
liane,tarzan,cosa usa tarzan plurale,,,
estetista ,,chi fa ceretta manicure,,,
gradini,,quale sinonimo scalini,,,
liquori,,cosa sono whiskey scotch generici,,,
lucciole,brillare,quali insetti brillano,,,
dote,,PASSO?,,,
ercole,fatiche,chi sostenne 12  fatiche,,,
muso,,quale bocca di animali,,,
fondente,,cos'è non al latte,,,
apnea,,cos'è trattenere fiato in acqua,,,
perimetro,,cos'è somma lati,,,
pappagallo,,quale uccello parlante colorato,,,
collant,calze,cos'è calze femminili francese,,,
carnivori,erbivori,cos'è non erbivori onnivori,,,
gallina,coccodè,chi fa coccodè / cosa fa buon brodo,,,
linea,punto,cos'è non punto,,,
pesca,caccia,cos'è non caccia,,,
patente,,quale documento per guidare / cosa consegui per guidare,,,
cassonetto,,cos'è piccoletto dei rifiuti per strada,,,
donzelletta,,chi vien dalla campagna piccoletta,,,
conchiglie,,cosa raccogli sulla spiaggia plurale,,,
fenice,,chi risorge dalle ceneri,,,
artigiano,,chi lavoratore della qualità / cos'è falegname calzolaio generico,,,
fibbia,cintura,quale parte metallica cintura,,,
tosaerba,,cosa taglia girardino elettrico,,,
curriculum,,cosa invii per lavoro latino,,,
letto,,dove dormi matrimoniale 7 cos'è singolo o matrimoniale,,,
pallina,,cos'è piccolina da tennis gialla,,,
duetto,,PASSO,,,
falò,fuoco spiaggia,quale fuoco sulla spiaggia notte,,,
caverna,,cos'è grotta sinonimo preistorica,,,
ettaro,,cos'è diecimila metri quadrati terreno,,,
macedonia,,cos'è frutta mista tagliata,,,
campidoglio,sindaco roma,dove risiede sindaco Roma,,,
oasi,deserto,quale miraggio nel deserto,,,
catena,di montaggio,cos'è di montaggio in fabbrica,,,
nuoto,,quale sport dorso rana generico,,,
promuovere,,cos'è non bocciare qualcuno / ,,,
fornaio,,chi cuoce pane,,,
pianeti,,cosa giove marte generici,,,
dromedario,cammello,cos'è non cammello,,,
faraglioni,,quali scogli grandi a Capri,,,
energia,,cos'è eolica elettrica rinnovabile,,,
avvocato,,quale lavoro Gianluca,,,
bikini,,cos'è costume due pezzi,,,
caffè,,cos'è espresso nero,,,
pavimento,,cosa non è soffitto,,,
arrosto,,cos'è pollo al forno,,,
tara,,cos'è non netto lordo peso,,,
maschile,,cos'è non femminile,,,
europa,,quale continente nostro,,,
domatore,,quale addomesticatore leoni circense,,,
giacca,,cosa indossi sopra camicia,,,
favola,,cos'è fiaba sinonimo,,,
attivo ,,cos'è non passivo,,,
esami,,cosa dai all'università con voti,,,
amarena,,cos'è non ciliegia,,,
arpa,,cosa suona cupido,,,
discorso,,cosa fa presidente a capodanno,,,
allenamento,,cosa fai in palestra,,,
cerone,,quale trucco bianco clown,,,
visiera,,cosa abbassi nel casco,,,
esatto,,PASSO,,,
appartamento,,Quale casa nel condominio,,,
inno,,cos'è di mameli,,,
acciuga,,quale soprannome allegri / cos'è non sardina alice,,,
bancarella,,quale negozio al mercato,,,
dimissioni,,cosa rassegni a lavoro,,,
educato,,cos'è cortese garbato sinonimo,,,
doge,,quale capo di venezia / quale cane meme,,,
ambasciatore,,chi non porta pena,,,
novità,,PASSO,,,
carato,,quale misura diamante singolare,,,
cartellino,,cosa estrae arbitro piccolino,,,
collega,,cos'è lavoratore amico,,,
drago,,cos'è Ivan in rocky IV,,,
athos,,chi non aramis dartagnan portos,,,
giardino,,cos'è prato casalingo,,,
lampadario,,cos'è appeso al soffitto illumninante,,,
dondolo,,cos'è sedia oscillante,,,
edera,,quale pianta rampicante,,,
iceberg,,cosa affondò titanic,,,
contrade,,quali quartieri senesi,,,
architetto,,che lavoro fa lello,,,
capanna,,cos'è dello zio tom,,,
cartomante,,chi legge tarocchi,,,
grosso,,quale sale non fino,,,
barriera,,cos'è corallina,,,
boscaiolo,,cos'è taglialegna,,,
dozzina,,cos'è sporca nel western / cos'è undicina più uno,,,
dilettante,,cos'è allo sbaraglio amatore,,,
astronauta,,cos'è cristoforetti / parmitano,,,
canditi,,quale frutta nel panettone uvetta,,,
bufala,,quale mozzarella campana,,,
fioraio,,chi vende rose viole margherite,,,
fattoria,,cos'è degli animali orwell,,,
enea,,passo,,,
eco,,quale umberto scrittore / quale rimbombo caverna,,,
gioco,,cos'è dell'oca,,,
fusa,,cosa fa gatto felice,,,
aranciata,,cos'è non limonata,,,
lettera,,cos'è minuscola maiuscola,,,
casello,,dove paghi pedaggio,,,
alpino,,cos'è non appenninico / quale militare montano,,,
buco,,cos'è dell'ozono,,,
cortile,aia,cos'è aia sinonimo,,,
luce,,cos'è non buio,,,
apparecchiare,,cos'è mettere tovaglia,,,
amleto,,cos'è teschio shakespire,,,
bora,,quale vento  triestino ,,,
coniuge,,quale moglie marito giuridico,,,
dama,,cos'è non scacchi,,,
basilico,,cos'è non prezzemolo,,,
aliscafo,,cos'è non traghetto,,,
brividi,,cos'è pelle d'oca,,,
dopodomani,,cos'è tra due giorni,,,
età,,cos'è 40 anni per te,,,
appendere,,PASSO,,,
mozzarella,,cos'è di bufala,,,
diritto,,cos'è non rovescio,,,
labbra,,dove metti rossetto bocca,,,
diluvio,,cos'è pioggia universale,,,
distratto,,cos'è non attento,,,
bimestre,,cos'è 60 giorni,,,
tarocchi,,cosa legge cartomante,,,
dischetto,,dove metti pallone per rigore,,,
commedia,,cos'è divina per dante,,,
foglie,,cosa cadono in autunno,,,
elastico,,quale giocata ronaldinho ,,,
accento,,cos'è non apostrofo,,,
aculei,,quali spine istrice riccio?,,,
bavaglino,,cosa indossa bambino a tavola,,,
calcolatrice,,cosa usi per fare operazioni,,,
segugio,,quale cane fiuta,,,
caravelle,,quali navi colombo,,,
alluce,,quale pollice piede,,,
bacio,,cosa schioccchi con le labbra,,,
laurea,,cos'è non diploma,,,
colonna,,cosa sorregge tempio singolare,,,
bacchetta,,quale posata orientale singolare,,,
bottiglia,,quale contenitore acqua generica,,,
farmacista,,chi vende medicine,,,
aida,,quale nome Yespica ,,,
balsamico,,quale aceto di modena,,,
canarino,,quale uccellino giallo,,,
spazzolone,,PASSO,,,
autografo,,cos'è firma famosa,,,
bandolo,,cos'è della matassa,,,
agrigento,,quale città siciliana dei templi,,,
breve,,com'è Pipino,,,
cubetto,,cos'è piccoletto di ghiaccio,,,
campanile,,cos'è di Giotto a Firenze,,,
lontananza,,cos'è non vicinanza,,,
aritmetica,,cos'è algebra matematica sinonimo,,,
purgatorio,,cos'è non inferno paradiso,,,
antifurto,,PASSO,,,
libero,,quale ruolo Baresi / cos'è non occupato,,,
briciole,,cosa sono molliche di pane,,,
barrito,,quale verso elefante,,,
pagella,,cos'è elenco voti scolastica,,,
vitamine,,cosa sono integratori A B C / cos'è non sali minerali,,,
sedia,,cos'è non tavolo singolare / cos'è seggiola,,,
battesimo,,quale primo sacramento,,,
base,,cos'è non altezza triangolo,,,
bomboniera,,cosa contiene confetti matrimoniali,,,
allegria,,quale motto mike buongiorno,,,
candeline,,cosa spengi al compleanno piccoline,,,
bolle,,quale roberto ballerino,,,
atlantico,,cos'è non pacifico,,,
cenone,,cos'è non pranzone,,,
altare,,cos'è della patria a roma (non della pace ),,,
talpa,,quale animale cieco,,,
auto,,PASSO?,,,
calzolaio,,chi ripara scarpe,,,
classico,scientifico - liceo,cos'è non scientifico liceo /quale liceo non scientifico,,,
tenore,baritono,cos'è non baritono,,,
benzina,diesel,cos'è diesel generica /cos'è verde al distributore/cos'è petrolio per auto,,,
washington,,quale capitale usa,,,
cellulare,,cos'è smatphone generico,,,
aranciata,limonata,cos'è non limonata,,,
novembre,,cosa dopo ottobre,,,
tavoletta,,cosa abbassi del water,,,
ovale,,cos'è circonferenza allungata,,,
pagine,,cosa sfogliate7girate nel libro,,,
arena,,cos'è edificio di Verona /cos'è sabbia sinonimo,,,
collodi,,chi Carlo Pinocchio,,,
fiatone,,cos'hai quando corri,,,
cartello,,cos'è STOP stradle generico,,,
coniglio,,quale animale nel cilindro,,,
canini,,cos'è non molari incisivi,,,
mercurio,,quale metalle liquido / quale metallo nel termometro,,,
tutto,,cos'è non niente,,,
everest,,quale monte più alto asiatico,,,
camomilla,,cos'è tisana soporifera/rilassante,,,
meccanico,,chi ripara auto,,,
merenda,,cos'è pasto pomeridiano / quali compagni Pacciani,,,
gettone,,cos'è moneta telefonica maschile,,,
padella,pentola,cos'è non pentola,,,
mimo,,PASSO,,,
arciere,,cos'è robin hood bravissimo,,,
feriale,festivo,cos'è non festivo,,,
bar,,dover prendi caffé,,,
madrina ,padrino,chi/cos'è non padrino,,,
coccodrillo,,cos'è alligatore,,,
ago,pagliaio,cosa cerchi nel pagliaio,,,
scrivania,,quale tavolo per studiare/pc/computer,,,
sella,,quale seduta cavallo moto,,,
segreto,,cos'è di Fatima terzo,,,
scatoletta,,cos'è piccoletta di acciughe,,,
occhiolino,,cos'è ammicco piccolino,,,
nettuno,,quale dio marino romano (cos'è posedione sinonimo),,,
dettato,,PASSO,,,
vongole,cozze,cos'è non cozze,,,
collana,,cos'è indossata di perle,,,
europeo,,cos'è dopo/sopra nazionale,,,
scopa,,cosa spazza / cosa usi spazzando,,,
cresta,,cos'è sul gallo onda,,,
marmitta,,cos'è catalitica,,,
monetina,,cosa piccolina lancia arbitro testa o croce,,,
sposa,,quale donna nuziale / quale donna con abito bianco,,,
metalli,,cosa ferro acciaio generici,,,
assemblea,,cos'è riunione condominiale,,,
memoria,,come impari poesie,,,
appello,,cos'è assente presente assente ... /processo secondo grado,,,
mercato,,cos'è con bancarelle ortofrutticolo,,,
,,,,,
cavolo,,cos'è verza cappuccio generico,,,
peggio ,meglio,cos'è non meglio,,,
rettore,,quale capo università,,,
etna,,quale vulcano siciliano / catanese,,,
domani,,cos'è dopo oggi / cos'è non oggi ieri,,,
sporco,,cos'è non pulito,,,
binocolo,cannocchiale,cos'è non cannocchiale,,,
natale,,cos'è 25 dicembre,,,
veloce,lento,cos'è non lento,,,
levante,ponente,cos'è non ponente,,,
ricamo,,PASSO,,,
assente,presente,cos'è non presente,,,
bisnonno,,cos'è doppio padre di padre,,,
riassunto,,,,,
napoleone,bonaparte,chi bonaparte,,,
salsiccia,luganega,cos'è luganega sinonimo,,,
numeri,,cosa sono 2 59 generici,,,
mezzanotte,spaghettata,quale orario spaghettata,,,
pittore,,cos'è picasso,,,
maturità,,quale esame scuole superiori,,,
riccioli,,cos'è boccoli generici,,,
patate,novelle,cosa sono novelle,,,
gita,,quale viaggio scolastico,,,
geloso,,cos'è uomo possessivo insicuro,,,
matrigna,,quale cattiva Cenerentola,,,
portachiavi,,PASSO,,,
scudo,,cos'ha Capitan America,,,
ventaglio ,,cos'è agitato manualmente per farsi aria (PASSO?),,,
lavandino,,cos'è acquaio del bagno piccolino,,,
rigido,,cos'è non flessibile,,,
lana,pecora,cos'è pelliccia pecora /quale pelo della pecora,,,
lezione,impartire,cosa impartisce la maestra,,,
integrale,,cos'è pane scuro / farina scura (non mi dite di andare sulla matematica che vi inculo),,,
famiglia,,cos'è mamma babbo figli insieme,,,
saluto,,cos'è ciao generico,,,
autoradio,,cos'è stereo della macchina (PASSO?),,,
sommozzatore,,cos'è palombaro sinonimo,,,
egeo,ionio,cos'è non Ionio / quale mare greco,,,
cuscino ,,dove poggi testa dormendo,,,
enne,,cos'è dopo emme,,,
dadi,,cosa lanci al casinò con facce,,,
scapolo,,cos'è non ammogliato,,,
palestra,,dove ti alleni generica,,,
operaio,,quale lavoratore in fabbrica,,,
nebbia,fitta - padana,cos'è fitta padana,,,
prezzemolo,,cos'è non sedano,,,
trappola,,cos'è trabocchetto per animali,,,
transatlantico,,quale nave Titanic - quale nave per oceani ,,,
sandali,,cos'è scarpe aperte?,,,
adesivo,,quale nastro elettrico? quale nastro da elettricista?,,,
cruscotto,,dov'è tachimetro?,,,
predica,,quale rimprovero morale in chiesa?,,,
atletica,,quale pista intorno al campo? cos'è leggera con corsa salto ,,,
maniche,,dove tieni l'asso plurale?,,,
rettangolo,,cos'è quadrato allungato,,,
pizzico,,cos'è poco di sale con dita,,,
penultimo ,,cos'è non secondo?,,,
pollaio,,dove stanno i galli?,,,
raffreddore,,cos'è naso chiuso?,,,
corredo,,quali lenzuola al matrimonio?,,,
rose,,quali fiori con spine?,,,
stromboli,,quale isola vulcano siciliana?,,,
trotto,,cos'è non galoppo?,,,
soprano,,cos'è non tenore ?,,,
tropici,,cos'è del cancro e del capricorno? MEGA PASSO,,,
concorrenti,,cosa siamo noi qui?,,,
burattino,,cos'è pinocchio?,cos'è pinocchio piccolino?,,
sidecar,,quale moto doppia?,,,
corazziere,,,cos'è carabiniere alto?,,
spacco,,quale taglio gonna?,,,
cornetto,,quale cono confezionato?,cos'è briosch croissant,,
ottavo,,chi dopo settimo?,cps'è dopo settimo,,
guance,,cosa sono gote?,cos'è gote,,
televisione,,quale elettrodomestico rai?,,,
staffetta,testimone,quale gara con testimone?,,,
cravatta,nodo,cosa annodi al collo ,,,
notturno,,cos'è non diurno,,,
tubo,,dove scorre acqua gas,,,
toro,,quale bovino pamplona?,,,
cucire,,cos'è non tagliare?,,,
sirena,,cosa suona l'ambulanza?,,,
salame,,quale salsiccia dura? / cosa riconosci a occhio e croce?,,,
astuccio,,,Dove metti penne a scuola?,,
detersivo,,quale sapone vestiti?,,,
asta,,quale compravendita al rialzo?,,,
passaporto,,quale documento internazionale?,,,
trucco,,cos'è con parrucco?,,,
laterale,,quale fallo batti con le mani?,,,
mano ,,cos'è non piede,,,
abruzzo,,quale regione ancona? / dov'è l'aquila,,,
oceano,,cos'è atlantico e pacifico?,,,
lievito,,cosa fa crescere il pane?,,,
romeo,,chi è non giulietta?,,,
stringere,,cos'è non allargare,,,
tennista,,cos'è federer?,,,
regionale,,cos'è non provinciale comunale?,Cosa dopo provinciale,,
hostess,,quale assistente di volo femminile?,cos'è non stewart,,
animali,,cosa sono cani gatti cavalli generici,,,
ruggine,,cos'è ossido di ferro?,,,
maggio,,quale mese dopo aprile?,,,
fossette,,,,,
sabbia,,cosa contiene la clessidra?,,,
bassotto,,quale cane salsicciotto? quale cane piccolo e lungo?,,,
telefono,,cos'ha la cornetta e la tastiera?,,,
aeroplano,,cos'è velivolo completo?,quale velivolo completo generico,,
sacchetto,,cos'è busta di plastica?,,,
omaggio,,cos'è gratis?,Cos'è gratis / cos'è prodotto gratis / cos'è cadeut,,
dedica,,,,,
salone,,quale soggiorno grande stanza?,,,
crescente,,cos'è non calante?,,,
orto,,dove coltivi in giardino? ,,,
lametta,,cos'è piccoletta per radersi?,radersi,,
giusto,,cos'è non sbagliato?,,,
mago,,quale lavoro silvan?,,,
sale,,cos'è non zucchero?,,,
acetone,,quale solvente per smalto?,,,
beta,,cos'è non apha ?,,,
rodeo,,quale sport con lazo?,texas,,
firenze,,quale città nostra?,,,
vestito,,chi non è nudo?,,,
tarzan,,chi usava le liane?,,,
coccinella,,quale insetto portafortuna rosso pois?,,,
comico,,quale lavoro panariello?,,,
lisca,,cos'è osso del pesce?,,,
stanghette,,quali piccolette negli occhiali,,,
oro,,cos'è non argento,,,
stalla,,dove dorme il cavallo?,,,
luna,,cos'è non terra?,quale satellite terrestre,,
anno,,cos'è 365 giorni ?,,,
mappa,,cos'è del tesoro cartacea?,,,
roditori,,cosa sono topo criceto talpa scoiattolo ecc,,,
rebbi,,quali punte forcone?,quali denti forchetta,,
aladino,,quale lampada dei desideri?,,,
ricerca,,quale motore su internet?+,cos'è googlare sostantivo?,,
mantello,,cosa indossa sulle spalle superman+?,,,
singolo,,cos'è non multiplo / letto non matrimoniale,,,
stracciatella,,quale gelato panna e cioccolato,,,
giaccone,,quale cappotto pesante?,,,
desiderio,,Cosa esprimi guardando stella cadente?,a ESPRIMI già devi prenotare,,
ciuffo,,Quale soprannome Mancini? ,,,
togliere,,cos'è levare? / cos'è rimuovere ?,,,
peggiore,,cos'è non migliore,,,
ghiaccio,,quali cubetti in cocktail?,,,
shrek,,quale Film orco verde?,,,
torsolo,,cos'è scarto della mela?,,,
rotondo,,quale forma maschile del cerchio? / com'è il pallone ?,,,
traversa,,cos'è non pali nella porta?,,,
acrobata,,quale circense salta generico,,,
tango,,quale ballo argentino,,,
aperitivo,,cos'è prima di cena dopo merenda,,,
stirare,,cos'è rimuovere pieghe da vestiti?,,,
maiale,,quale animale salsiccia?,,,
sapone,,cos'è detergente generico?,,,
bussola,,quale strumento indica nord?,,,
spiedo,,quale pollo arrosto gira?,,,
sincero,,chi è non bugiardo?,,,
acropoli,,quale porzione città greca in collina?,troppe parole ,,
soffio,,cosa spenge la candelina?,,,
prossimo,remoto,cos'è non remoto,,,
addio,,quale saluto definitivo?,,,
fodero,,dove riponi coltello,,,
continenti,,cosa sono europa africa ecc,,,
antico,,cos'è vecchio vecchio / cos'è vecchissimo,,,
loira,,cos'è non senna francese?,,,
cioccolatini,,cosa sono le praline,,,
cassetta,,cos'è degli attrezzi contenitore?,,,
agenda,,cos'è diario generica ?,,,
tettuccio,,cos'è apribile nella cabriolet?,,,
anticipo,si può dire posticipo?,cos'è non posticipo,,,
sciame,,quale branco di api,,,
carta,,Cosa non sasso forbice,,,
spinaci,,quale verdura braccio di ferro (cos'è non bietola),,,
hollywood,,quale città americana cinema,,,
corna,,cos'è toro in testa,,,
serie,,cos'è di fourier,,,
professore,,quale insegnante superiori,,,
senior,,chi non junior,,,
loro,,chi non noi,,,
record,,,,,
aumentare,,cos'è non diminuire,,,
stivali,,quali scarpe texane,,,
puledro,,quale cavallo giovane,,,
ginocchio,,quale articolazione menisco,,,
valle,,cos'è non monte,,,
lingua,,dove stanno papille gustative,,,
senato,,cos'è non camera,,,
calma,,cosa mantieni con freddezza,,,
schiena,,cos'è groppone,,,
amalfi,,cos' è non sorrento,BOH,,
calorie,,cosa bruci in palestra,,,
ceretta,,cos'è striscia epilatoria,,,
buonanotte,,quale saluto notturno,,,
cavalletta,,quale insetto piaga divina?,,,
vendere,,cos'è non comprare,,,
peluche,,quale orsacchiotto per bambini,,,
avvento,,quale calendario natalizio,,,
singhiozzo,,Passo,,,
scorpione,,quale segno di novembre,,,
ketchup,,cos'è non maionese pomodori,,,
massimo,,cos'è non minimo,,,
clessidra,,quale orologio di sabbia,,,
scarpetta,,cosa perde cenerentola piccoletta,,,
frizione,,quale pedale del cambio?,,,
venezia,,quale città canali,,,
museo,,cos'è specola uffizzi,,,
racchetta,,cosa impugni nel tennis,,,
parallele,,quali rette non perpendicolari,,,
cleopatra,,quale principessa egizia,,,
tema,,cos'è compito d'italiano,,,
cigno,,cos'è brutto anatroccolo,,,
chicchirichì,,quale verso gallo,,,
cinquecento,,cos'è 499 + 1,,,
maestà,,quale appellativo Re sire,,,
stoffa,,cos'è cotone lino poliestere diocane,,,
orlo,,cos'è cucitura sull'estremità,,,
sauna,,cos'è non bagno turco,,,
bucatini,,quali spaghetti forati,,,
cerniera,,cos'è lampo nei pantaloni,,,
fresco,,cos'è freddo piacevole (bohhhhhhhh),,,
capra,,quale animale broken sword (quale ovino cornuto),,,
sassofono,,quale strumento Rita (quale ottone Jazz),,,
prosciutto,,cos'è cotto crudo - cos'è non speck,,,
gara,,cos'è competizione generica,,,
montecitorio,,quale edificio camera deputati,,,
fontana,,cos'è di trevi,,,
legna,,cosa alimenta fuoco femminile,,,
aurora,,cos'è boreale,,,
pescivendolo,,chi commercia prodotti ittici,,,
fune,,cos'è corda,,,
abele,,chi non caino,,,
compleanno,,cos'è genetliaco,,,
tuta,,cos'è il tony,,,
tacchino,,quale animale al ringraziamento,,,
allungare,,cos'è non accorciare,,,
tana,,quale casa sotterranea animale,,,
trampolino,,quale asse per tuffarsi,,,
uovo,,cos'è alla cock,,,
taglie ,,cosa sono xl xs,,,
povero,,chi non ricco,,,
pentola,,dove cuoci generico,,,
strumenti,,cosa sono chitarra pianoforte,,,
scala,,cosa sali con gradini,,,
ciao,,quale saluto generico,,,
aprile,,quale mese dopo marzo,,,
cane,,cosa non è gatto,,,
flora,,cosa non è fauna,,,
mutande,,cos'è slip boxer,,,
frutteto,,quale bosco con melo pero albicocco,,,
turista,,cos'è italiano a londra,,,
vasetto,,quale contenitore yogurt,,,
pallanuoto,,quale sport settebello,,,
elba,,quale isola Napoleone,,,
tribunale,,dove arringa l'avvocato,,,
biberon,,quale bottiglia neonato,,,
piatto,,quale stoviglia piano fondo,,,
tendone,,quale edificio circense,,,
napoli,,quale squadra lavezzi,,,
avorio,,quale materiale zanne,,,
scalzo,,chi senza scarpe,,,
unghie,,dove metti smalto,,,
cicogna,,quale volatile porta bambini,,,
muscoli,,cosa sono deltoide addominali,,,
lupo,,quale canide ulula?,,,
vulcano,,cos'è etna,,,
sbagliato,,cos'è non giusto,,,
vegetariano,,cos'è non vegano,,,
presentatore,,quale lavoro amadeus,,,
ciclope,,chi fu accecato da ulisse,,,
sarto,,chi cuce vestito maschile,,,
autostop,,cos'è chiedere passaggio,,,
volume,,cosa alzi nello stereo,,,
maestra,,quale insegnante elementare,,,
ambo,,cos'è non terno,,,
macellaio,,quale commerciante carni,,,
zampe,,cosa sono arti animali,,,
nome,,quale appellativo personale,,,
zafferano,,quale risotto giallo spezia,,,
prato,,dove lavora gianluca,,,
stretto,,cos'è non largo,,,
biennio,,cos'è 24 mesi,,,
tokyo,,quale capitale giappone,,,
sempre,,cos'è non mai,,,
cocomero,,cos'è anguria,,,
regina,,cos'è madre principe,,,
triste,,cos'è non felice,,,
addizione,,cos'è non sottrazione,,,
succo,,cos'è di frutta alla pera,,,
spedire,inviare,Cos'è inviare sinonimo? ,,,
merlo,,quale uccello nero becco giallo,,,
fiera,,cos'è festa mezzana,,,
cuffia,,cos'è cappello piscina,,,
poeta,,cos'è leopardi,,,
pizzaiolo,,chi prepara margherita capricciosa,,,
monumento,,cos'è altare della patria,,,
permanente,,cos'è arricciatura capelli,,,
caffettiera,,cos'è moka,,,
collo,,dove indossi sciarpa,,,
buio,,cos'è non illuminato,,,
allarme,,cosa scatta con ladro,,,
adamo,,chi non eva,,,
fa,,quale nota dopo il Mi,,,
veterinario,,quale dottore animali,,,
giungla,,dove vive tarzan,,,
fronte,,cosa non retro,,,
potabile,,quale acqua commestibile,,,
molari,, cos'è non canini incisivi - quali denti schiacciano,,,
camper,,cos'è non roulotte,,,
rovescio,,cos'è non diritto tennis,,,
caviglia,,quale articolazione piede,,,
pubblico,,cos'è non privato,,,
tulipani,,quali fiori olandesi,,,
frumento,,cos'è grano,,,
zio,,chi è fratello mamma,,,
cammello,,cos'è non dromedario,,,
cartella,,quale zaino a scuola,,,
terrestre,,cos'è non marziano - cos'è non alieno,,,
partenza,,cosa non è arrivo,,,
ande,,quale catena montuosa sudamericana,,,
spigolo,,dove sbatti mignolino,,,
divisa,,cosa indossa carabiniere,,,
fruttivendolo,,chi vende mele pere,,,
calvo,,cos'è pelato non capelli,,,
pastore,,quale cane per gregge / chi gestisce/guida  gregge,,,
ripetere,,cos'è bocciare l'anno,,,
finestrino,,cosa abbassi in auto,,,
nuovo,,cos'è non vecchio,,,
indirizzo,,cos'è via delle betulle,,,
auguri,,cosa invii a natale,,,
camerino,,quale spogliatoio teatro,,,
cellulite,,quale inestetismo cosce donne,,,
nobel,,quale premio svedese,,,
muro,,cos'è di cinta,,,
sonnifero,,cosa prendi per dormire,,,
assisi,,dov'è san francesco,,,
arnia,,cosa non alveare,,,
eremita,,chi vive solo in montagna,,,
nastro,,cos'è scotch isolante,,,
accendino,,cos'è non fiammifero?,,,
suocera,,cos'è mamma moglie?,,,
firma,,cos'è autografo sottoscrizione,,,
rami,,Quali braccia Alberi,,,
anatra,,Cos'è non papera oca,,,
duomo,,cos'è chiesa principale,,,
argenteria,oreria,cos'è non oreria,,,
spalle,"larghe, zaino, deltoide",cos'hai larghe nella schiena / cos'è deltoidi,,,
imbuto,travasare,cosa un per travasare,,,
gonna ,pantalone,cos'è non pantalone,,,
domestico,selvatico,cos'è non selvatico,,,
brocca,caraffa,cos'è caraffa,,,
dirigilibe,mongolfiera,cos'è non dirigibile - cos'è Zeppelin volante,,,
garage,cantina,cos'è non cantina,,,
soffitta,mansarda,cos'è mansarda,,,
capriola,giravolta,cos'è giravolta a terra,,,
esempio,,cos'è caso pratico di regola generale,,,
scaldabagno,,cos'è non raffredda cucina,,,
aia,cortile,cos'è cortile sinonimo,,,
congelatore,ghiacciaia,cos'è ghiacciaia sinonimo,,,
Oxford,Cambridge,cos'è non cambridge,,,
carciofo,giudia,cos'è alla giudia,,,
tagliaunghie,forbicine,cos'è non forbicine,,,
cespuglio,,cos'è siepe tonda selvatica,,,
rotondo,,quale porto circolare,,,